APP;ID
1kxun;38614
1und1.Mail;29025
2ch;17534
2ch_Post;17535
3PC;16284
4shared;16616
4shared_File.Download;35760
4shared_File.Upload;34742
5ch;44606
5ch_Post;44607
8tracks;38923
9PFS;17045
126.Mail;16554
360.Safeguard.Update;23345
360.Yunpan;35963
360.Yunpan_File.Download;35967
360.Yunpan_File.Upload;35966
360.Yunpan_Login;42324
A.N;16413
ABC;31529
ABC.Com;30220
ADFS;25379
ADP;44391
ADrive;31030
AFP;25939
AFS;36983
AH;16313
AIM;1
AIM.Webmail;15819
AIM.Webmail_Attachment;24256
ALTools.Update;28887
ALYac.Update;17168
AMQP;31374
ANts.P2P;16078
AOL.Search;34647
AOL.Toolbar;16688
AP.Archive;30032
APC.Powerchute;16620
ARGUS;16240
ARIS;16410
AS2;45998
ASProxy;16692
AT&T.Connect;26617
AT&T.Synaptic;36666
AVG.Update;17038
AX.25;16398
Accellion;37499
Acrobat.Cloud;38993
Acrobat.Cloud_Download;38995
Acrobat.Cloud_Upload;38994
Acronis.Snap.Deploy;23217
Act!;42902
ActMobile.VPN;43286
Active.Directory;25959
ActiveCampaign;36481
ActiveCampaign_File.Upload;36482
ActiveSync;26886
Addicting.Games;30156
Adobe.Connect;27754
Adobe.Connect_Meeting.Chat;36931
Adobe.Connect_Meeting.Remote.Control;32257
Adobe.Connect_Meeting.Share.Document.Upload;36975
Adobe.Connect_Meeting.Share.My.Screen;36953
Adobe.Connect_Meeting.Share.Whiteboard;36960
Adobe.Creative.Cloud;35982
Adobe.Creative.Cloud_File.Download;35983
Adobe.Creative.Cloud_File.Upload;35984
Adobe.Flash.Media.Playback;16683
Adobe.Online.Office;34205
Adobe.Send.Track;26806
Adobe.Update;15951
Adobe.Web;30061
AeroAdmin;43928
After.School;41814
Aion;31252
Air.Video;25238
AirDroid;38100
AirWatch.MDM;39107
Airport.Utility.mDNS;32165
Airtime;33238
Akamai.Client;23662
Alexa.Toolbar;16789
Alibaba;16491
AllMusic;30169
Allstate;44033
Alpemix;32343
Amaze.VPN;43713
Amazon.AWS;27210
Amazon.AWS_Console;37172
Amazon.AWS_EC2;36740
Amazon.AWS_S3;35944
Amazon.AWS_S3.Download;47432
Amazon.AWS_S3.Upload;47433
Amazon.Ads;43349
Amazon.Alexa;45138
Amazon.Cloud.Drive;26875
Amazon.Cloud.Drive_File.Download;35598
Amazon.Cloud.Drive_File.Upload;26873
Amazon.CloudFront;46289
Amazon.Mobile;38075
Amazon.Music;45300
Amazon.Services;16492
Amazon.Video;28046
Amazon_Login;38540
Ammyy.Admin;17840
Android;31605
Anipop;46934
AnonyTun;45628
AnonymoX;47772
Any.Do;38266
AnyDesk;39164
AnyMeeting;40123
Anyplace.Control;37518
Apache.Cassandra;38981
AppGuru;38997
AppScale;36718
AppVPN;43468
Applane.CRM;24305
Apple.Daily;37591
Apple.Daily_Video;37934
Apple.Game.Center;38109
Apple.Maps;35151
Apple.Messages;35229
Apple.News;41680
Apple.Push.Notification;39243
Apple.Remote.Desktop;37619
Apple.Services;42662
Apple.Software.Update;16171
Apple.Store;38900
Apple.iCloud.Storage;46178
Apple.iPad;25953
Apple.iPhone;25903
Applicability.Statement.2;31498
Apt-Get;27508
Arctic.Torrent;30074
Ares;12183
Ares_Chat.Join;11768
Armagetron;31251
Armor.Games;30340
Aruba.PAPI;26563
Arvixe;36933
Ask.Fm;36468
Aspera;20922
Astrill;26583
Asus.WebStorage;27507
Atlassian.Confluence;36891
Atlassian.JIRA;36596
Atom.Publishing.Protocol;16425
Atom.VPN;43465
AutoDesk.360;39546
AutoDesk.360_Upload;39547
AutoHideIP;35202
Autodesk.Buzzsaw;39591
Avast.Update;31989
Avira.Phantom.VPN;42831
Avira.Update;24265
AzureWatch;36205
BBC;30238
BBC.iPlayer;16062
BBCP;34244
BBN.RCC.MON;16237
BFD;35928
BGP;16701
BICC;28622
BNA;16311
BOINC;16665
BOOTP;16250
BR.SAT.MON;16377
Babylon;24735
Back.Orifice;16189
Backblaze;24924
Backblaze_Restore;35800
Bacula;38990
Bacula_Backup;38991
Bacula_Restore;38992
Badoo;26193
Baidu.Bot;39484
Baidu.Cloud;35972
Baidu.Cloud_File.Download;35981
Baidu.Cloud_File.Upload;35977
Baidu.Hi;16784
Baidu.Hi_Audio.Video.Chat;33881
Baidu.Hi_File.Transfer;31079
Baidu.IME;37722
Baidu.Music;23432
Baidu.P2P;39395
Baidu.PC.Faster;39062
Baidu.Player;34927
Baidu.Search;38005
Baidu.Search_Image;31279
Baidu.Search_Video;31281
Baidu.Services;42904
Baidu.Tieba;16086
Baidu_Login;42297
BambooHR;36576
BambooHR_File.Download;36577
BambooHR_File.Upload;36578
Baofeng;17521
Barracuda;35968
Barracuda_Backup;35969
Barracuda_Download;35971
Barracuda_Restore;35970
Barracuda_Share;35973
Base.CRM;39071
Battle.Net;28885
Beamyourscreen;26286
Bestline.VPN;45760
Betternet.VPN;40766
Big.Brother;16653
Bigo.Live;44306
Bing.Bar;28889
Bing.Maps;16664
Bing.Search;32357
Bing.Search_Image;31910
Bing.Search_Safe.Search.Off;17482
Bing.Search_Search.Phrase;41601
BitTorrent;6
Bitcoin;36557
Bitcoin.Cryptocurrency.Miner;44289
Bitcomet.HTTP.Seed;25649
Bitdefender.Update;17042
Bitly;38732
Bitsnoop;43691
BlackBerry.Enterprise;29307
Blackberry.World;32342
Blackboard.Collaborate;31104
Blinksale;36139
Blockless.Proxy.VPN;46764
Blogger;30073
Bloomberg;30079
Bloomfire;36217
BlueSurface;43967
Bluejeans;38063
Bomgar;17731
Box;35584
Box_File.Download;35586
Box_File.Sharing;43966
Box_File.Upload;35585
Box_Login;38654
Brightcove;27238
Brightpearl;36134
Browsec;38952
Bubbly;34816
Bugzilla;17573
CAPWAP;25833
CBT;16234
CFTP;16365
CGI.IRC;25471
CGIProxy;16675
CHAOS;16243
CHARGEN;16613
CMP;17048
CNLive;38350
CNN;43425
CNN.Video;39380
CNTV;18090
COPS;17049
CORBA;16663
CPHB;16374
CPNX;16373
CPUminer.Cryptocurrency.Miner;38247
CProxy;39102
CRTP;16451
CRUDP;16452
CTorrent;30175
CUBRID;37084
CUPS;16610
CVS;16075
CVSup;25907
Cabos;16955
Cacaoweb;39350
Camfrog;16153
Care2;34301
Censhare;37706
Centrify;44422
Channels.Manager;36410
Chatango;37536
Chikka;14904
Chinagames;16220
Chrome.Bookmark.Sync;35459
Chrome.Microphone;38324
Chrome.Remote.Desktop;29610
Chrome.Update;16985
Chrome.Webstore;33000
Cienradios;29867
Circle.Of.Moms;34339
Cisco.Spark;40012
Cisco.VPN.Client;27948
Citrix.CDN;43356
Citrix.ICA;21114
Citrix.Receiver;33178
Citrix.Services;41954
Citrix.Services_Netviewer;16067
Citrix.Services_Podio;34859
Clash.Of.Clans;34736
ClearSlide;39676
Clearspace;16646
ClickMeeting;39651
ClickView;26185
Clip2Net;25282
Cloud.VPN;42300
CloudForge;39684
CloudMe;30274
Cloudflare.1.1.1.1.VPN;48062
Cloudify.Co;36574
Cloudmark;25952
Club.Cooee;26628
Combat.Arms;32259
Comcast.Webmail;15962
Comedy.Central;30165
Compaq.Peer;16416
Computrace;26821
ConcourseSuite;16666
Conduit.Toolbar;37166
ConnectWise.Automate;39244
ConnectWise.Automate_Remote.Control;47578
Constant.Contact;33661
ContactAtOnce;31635
Cow.VPN;47570
Cox.Webmail;15970
Cradlepoint.Netcloud;43597
Craigslist;30090
CrashPlan;20923
CrashPlan_File.Download;35814
CrashPlan_File.Upload;35812
Crashlytics;47957
Craz3.Match;46938
CrazyRemote;36460
Croxy.Proxy.VPN;46158
Cubby;32641
CyberGhost.VPN;28588
Cyworld;16338
DC.Universe.Online;37585
DCC.Antispam;27147
DCCP;16282
DCN.MEAS;16254
DDP;16287
DDX;16436
DGP;16387
DHCP;16214
DHCPv6;28198
DICOM;34616
DICOM_C.Echo.Request;34517
DICOM_C.Find.Request;34516
DICOM_C.Get.Request;34515
DICOM_C.Move.Request;34514
DICOM_C.Store.Request;34512
DICOM_N.Action.Request;34507
DICOM_N.Create.Request;34506
DICOM_N.Get.Request;34505
DICOM_N.Set.Request;34503
DLSw.RPN;16993
DLSw.WPN;16994
DNS;16195
DNS.Over.HTTPS;47816
DNS.TXT.Records.Tunneling;39624
DNS_DNS2TCP;17763
DNS_Dynamic.Update;12634
DNS_Request.ANY.Record;33704
DNS_Zone.Transfer;10357
DNStunnel;43707
DOFUS;24923
DSR;16310
DTLS;37050
Dailymotion;16072
DameWare;26035
Daum.Blog;25241
Daum.Cafe;25242
Daum.Mail;28125
Daum.Mail_Attachment;36136
Daum.Mail_Send;42500
Daum.Shopping;38966
Daytime;16625
Dazhihui;16450
Dealio.Toolbar;16349
Deezer;16040
Dell.Kace;31160
Dell.Service;46837
Dell.SupportAssist;46832
Dell.Update;30796
Desk.Com;35825
DeskShare;18119
DeviantArt;30098
Diameter;28843
Digsby;17419
Diino;17538
DingTalk;47964
Direct.Connect;10905
Discard;16638
Discord;42806
Disqus;35824
Distcc;16858
Distributed.Net;17020
Dlisted;30159
Dnscat2;41612
Docker;46402
Docker_Pull.Blob;46403
Docker_Pull.Manifest;46405
Docker_Push.Blob;46404
Docker_Push.Manifest;46406
DotVPN;39541
Download.Accelerator.Plus;11933
Draw.Free;31667
DreamBox;43590
Driver.Booster.Update;38768
DroidVPN;35163
DropSend;37659
DropSend_File.Upload;37676
Dropbox;17459
Dropbox.Lan.Sync.Discovery.Protocol;36313
Dropbox_File.Download;35421
Dropbox_File.Edit;44019
Dropbox_File.Upload;35420
Dropbox_Login;38542
Droplr;38959
Droplr_Download;38960
Droplr_Link;38975
Droplr_Preview;38974
Droplr_Upload;38958
Drupal;30127
Druva.InSync;38778
Duba.Update;17039
DuckDuckGo.Search;45464
DuckDuckGo.Search_Safe.Off;45465
Dungeon.And.Fighter;46931
Duolingo;38337
EA.FIFA;31019
EGP;16235
EIGRP;16389
EMCON;16241
ENCAP;16404
EPMD;45686
ESET.Remote.Administrator;39101
ESP.IP;16312
ESP.UDP;25886
ETHERIP;16403
Easy.Projects;36185
Easy.Proxy;40269
Echo;16614
Egnyte;33764
Egnyte_File.Download;35764
Egnyte_File.Upload;35763
Eklogin;17165
Elastic;37197
ElephantDrive;36302
EndNote;27314
Engine.Yard.Cloud;36790
Epic.EMR;47681
Epic.Games;45728
Epic.Privacy.Browser;43738
Ericom.AccessNow;39017
Estos.ProCall;26380
Ethereum.Cryptocurrency.Miner;44028
Eventbrite;36484
Evernote;25465
Evernote_File.Download;39212
Evernote_File.Upload;39211
Evernote_Login;39210
Evony;25453
Excite.Bot;39492
ExtraTorrent;30147
Eyejot;16546
FC;16458
FC2;38223
FIRE;16447
FIX.Protocol;28389
FOX.Television.Shows;38344
FSAE;23638
FTP;15896
FTP_Command;15230
FaceTime;24426
Facebook;15832
Facebook_AppName;23813
Facebook_Apps;17735
Facebook_Chat;15722
Facebook_File.Download;38517
Facebook_File.Upload;24318
Facebook_Like.Button;29210
Facebook_Login;38468
Facebook_Messenger.Image.Transfer;40934
Facebook_Messenger.Video.Transfer;40935
Facebook_Messenger.VoIP.Call;40933
Facebook_Messenger.Voice.Message;39381
Facebook_Personal;43448
Facebook_Plugins;22922
Facebook_Post;23260
Facebook_Search;35523
Facebook_Video.Play;17399
Facebook_Workplace;43449
FanQiang.VPN;46510
FarmVille;24468
Fast.Secure.VPN;44139
FastLemon.VPN;43539
FastMail;16018
FastStunnel;43712
FastViewer;16049
Feeddler;30164
Feedreader;16709
Fetion;16761
File.Upload.HTTP;18123
FileApp;36823
FileGuri;17182
FileMaker;16802
FileMaker_Web.Publishing;16803
Finch.VPN;44500
Finger;16264
FireChat;39340
Firefox.Update;16983
First.Class;24912
FishVPN;46717
FixMe.IT;17550
Flash.SocketPolicy.Server;30709
FlashGet;15890
FlashVPN;40768
Flexera.PSI;37543
Flexnet.Connect;27459
Flickr;16041
Flickr_File.Upload;30953
Flickr_Login;38685
Flipp;38910
Flowplayer;34256
Fluxiom;16490
Fly.VPN;42803
Fnac.Jukebox;41908
FogBugz;25561
FortiClient;17678
FortiGuard.DDNS;45488
Fortiguard.Search;27946
Fortinet.Service;43273
Fortnite;47019
Forward;37364
Fotki;25195
Foursquare;26631
Foursquare_File.Upload;40319
Foursquare_Login;39283
Foursquare_Post;41692
Free.Download.Manager;34305
Free.Secure.VPN;47834
FreeMyBrowser;42334
FreePP;37085
Freedome;39109
Freegate.Searching;16771
Freenet;45485
FreshBooks;37053
Fring;25089
Fronter;34455
FrostWire;30213
FunWebProducts;42242
Funshion;16723
Fuze.Meeting;29309
Fuze.Meeting_File.Transfer;32280
Fuze.Meeting_Remote.Control;32282
G3.Torrent;31554
GDS.DB;16514
GGP;16210
GKrellM;16557
GLIP;42774
GMTP;16405
GMX.Webmail;15851
GNU.HTTPTunnel;18288
GNUnet;16329
GO.Global;23973
GOM.Player;17004
GOM.TV;16999
GOOSE.VPN;46719
GRE;16309
GREE;38387
GTP;26487
GTunnel;17540
Gadu.Gadu;16799
Garena;18175
GatherPlace;30728
Gawker;37952
Genesys;25174
Genie;40424
GetPrivate;39233
GetResponse;36817
GigaTribe;38382
Git;25936
GitHub_Edit;45623
Github;35766
Github_File.Download;35767
Github_File.Upload;45622
Glype;16013
Gmail;15817
Gmail_Attachment;16170
Gmail_Attachment.Download;38726
Gmail_Attachment.Upload;38725
Gmail_Chat;41703
Gmail_G.Suite;43323
Gmail_Personal;43322
Gmail_Send.Message;41694
Gnutella;8
GoMeetNow;26346
GoToAssist;31380
GoToMeeting;16354
GoToMyPC;16395
GoToWebinar;43440
Godaddy;36660
Gom.VPN;40642
Goo.Bot;39491
GoodSync;38953
Google.Accounts;38131
Google.Ads;42537
Google.Allo;43190
Google.Analytics;16035
Google.Bot;34552
Google.Calendar;16053
Google.Calendar_G.Suite;43335
Google.Calendar_Personal;43334
Google.Calendar_Post;42769
Google.Cloud.Messaging;43605
Google.Cloud.Platform;43292
Google.Cloud.Platform_App.Engine;43296
Google.Cloud.Platform_BigQuery;43312
Google.Cloud.Platform_Bigtable;43303
Google.Cloud.Platform_Cloud.Launcher;43308
Google.Cloud.Platform_Compute.Engine;43299
Google.Cloud.Platform_Container.Engine;43298
Google.Cloud.Platform_Dataflow;43305
Google.Cloud.Platform_Dataproc;43306
Google.Cloud.Platform_Datastore;43301
Google.Cloud.Platform_Endpoints;43309
Google.Cloud.Platform_Genomics;43304
Google.Cloud.Platform_Networking;43297
Google.Cloud.Platform_Pub.Sub;43307
Google.Cloud.Platform_SQL;43302
Google.Cloud.Platform_Shell;43295
Google.Cloud.Platform_Storage;43300
Google.Cloud.Print;33048
Google.Cloud.Storage;46205
Google.Data.Saver;43313
Google.Docs;16541
Google.Docs_File.Access;40489
Google.Docs_File.Download;38653
Google.Docs_File.Upload;23756
Google.Docs_G.Suite;43327
Google.Docs_Personal;43326
Google.Docs_Post.Comments;44020
Google.Drive;32121
Google.Drive_Edit;32123
Google.Drive_File.Download;35434
Google.Drive_File.Sharing;32417
Google.Drive_File.Upload;32122
Google.Drive_G.Suite;43325
Google.Drive_Personal;43324
Google.Earth;16593
Google.FeedBurner;30269
Google.Finance;16698
Google.Groups;17154
Google.Groups_G.Suite;43333
Google.Groups_Personal;43332
Google.Hangouts;24471
Google.Hangouts_G.Suite;43329
Google.Hangouts_Personal;43328
Google.Hangouts_Picture.Transfer;37403
Google.Hangouts_Video.Call;37402
Google.Keep;36249
Google.Maps;24818
Google.Maps_Street.View;36853
Google.Photos;42768
Google.Play;33053
Google.Play.Music;45064
Google.Plus;28428
Google.Plus_File.Upload;38766
Google.Plus_G.Suite;43331
Google.Plus_Personal;43330
Google.Plus_Post;29355
Google.Push.Notification;43714
Google.Search;23094
Google.Search_Image;32003
Google.Search_Mobile.Voice;36963
Google.Search_Safe.Off;13586
Google.Search_Search.Phrase;41600
Google.Search_Video;16804
Google.Services;42533
Google.Stackdriver;43294
Google.Talk;11203
Google.Toolbar;15849
Google.Translate;24473
Google_Login;38467
Google_Login.G.Suite;43316
Google_Login.Personal;43315
Gopher;16260
Goverlan;37454
Grab;47601
Graboid.Video;17727
Gravity.Forms;36818
Grepsr;36203
GridFTP;27218
Grindr;39449
GroupWise;25906
Guild.Wars;17901
H.225.0.Call.Setup;16649
H.225.0.RAS;25875
H.245;16647
H.248;28697
HDFS;37644
HEAT.LANrev;31563
HFS.File.Server;36628
HIP;16465
HL7;34500
HMA.Pro.VPN;43753
HMP;16255
HOPOPT;16624
HP.DataProtector;39393
HP.ePrint;36504
HSRP;17372
HTS;33487
HTTP.Audio;15879
HTTP.BROWSER;15893
HTTP.BROWSER_Chrome;34039
HTTP.BROWSER_Edge;40469
HTTP.BROWSER_Firefox;34050
HTTP.BROWSER_IE;34038
HTTP.BROWSER_Opera;34041
HTTP.BROWSER_Opera.Mini;41392
HTTP.BROWSER_Safari;34040
HTTP.BROWSER_UCBrowser;38996
HTTP.Download.Accelerator;33224
HTTP.Method;15230
HTTP.Segmented.Download;17136
HTTP.Tunnel;16695
HTTP.Video;15880
HTTPS.BROWSER;40568
HTTrack;38782
Haiwangxing;17850
Halo.Combat.Evolved;32559
Hamachi;15887
Hamicloud;39119
Hammer.VPN;44131
Hangame;28283
Hattrick;30341
Hay.Day;38336
HeaderTun.VPN;46507
Helix.DNA;15924
HelpOnClick;36209
Hexatech.VPN;42496
Hi.VPN;44659
Hi5;16356
Hide.All.IP;38509
Hide.My.IP;42822
Hide.me.VPN;44301
HideMe.Free.VPN;43454
Hideman.VPN;37958
Highrise;31608
Hightail;37212
Hike.Messenger;39284
Hipchat;32844
HoSProxy;26789
HoboWars;16787
Hola.Unblocker;36774
Honeywell.TotalConnect;38016
Hootsuite;30192
Horde.Webmail;16167
Host;25380
HotVPN;43959
Hotline;16488
Hotspot.Shield;16706
Hotspot.VPN;47058
Houseparty;43582
Hoxx.VPN;42312
Hubspot;36999
Huddle;36072
Huddle_File.Download;36079
Huddle_File.Upload;36077
Huffington.Post;37985
Hulu;16097
Hulu_Login;38474
Hulu_Video.Access;38483
Hushmail;16478
HyperOffice;36387
Hyves.Games;24739
I.NLSP;16314
I2P;38249
IATP;16437
IAX2;16841
IBM.BigFix;28493
IBM.Cloud;30719
IBM.Cloud_Connections.Meeting;31929
IBM.Cloud_Connections.Meeting.Send.File;31935
IBM.Cloud_Connections.Meeting.Share.Apps;31936
IBM.Cloud_File.Sharing;31933
IBM.Cloud_SmartCloud.Notes;30712
IBM.DB2;17149
IBM.Informix;28845
IBM.MQ;24218
IBM.Notes;16941
IBM.Sametime;17917
IBM.Spectrum.Protect;16727
ICAP;26182
ICMP;16206
ICQ;2
ICQ_File.Transfer;30256
ICQ_Web;27728
ICY;11414
IDPR;16285
IDPR.CMTP;16288
IDRP;16307
IFMP;16406
IFTTT;35641
IGMP;16209
IGP;16236
IHeartRadio;24755
IKE;25434
IL;16290
IM.Plus;25798
IMAP;16103
IMAPS;27783
IMAP_Command;15230
IMDB;30138
IMDB.Trailer;39592
IMVU;16055
IP.In.IP;16211
IP.Messenger;25459
IP.Multicast;32609
IP.Shield;33907
IP.Within.IP;16399
IPCU;16372
IPComp;16414
IPFix;32075
IPLT;16454
IPMI;28632
IPP;16297
IPPC;16369
IPX.In.IP;16417
IPv6.Frag;16295
IPv6.ICMP;16321
IPv6.In.IP;16291
IPv6.NoNxt;16363
IPv6.Opts;16364
IPv6.Route;16294
IRC;28938
IRC_Chat;28936
IRC_Join.Channel;28940
IRTP;16277
IS.IS.Over.IPv4;16445
ISAKMP;16996
ISL.Light;17603
ISO.IP;16381
ISO.TP4;16278
Ident;16827
Ilohamail;16528
Imgur.File.Upload;38693
Imo;25198
Insightly;35793
Insightly_File.Download;35797
Insightly_File.Upload;35796
InstaCalc;30273
Instagram;34527
Instagram_File.Upload;39188
Instagram_Login;39187
Instagram_Post;41698
Instagram_Video;42669
InstallAnywhere.Update;16643
Insync;35656
Insync_File.Download;35678
Intel.Resource.Download;47020
Intel.Services;47021
InterSystems.Cache;38885
Iodine;33826
Iperf;26043
Ivacy;46718
JDI.Backup;36028
JJ.Game;46930
JSP.File.Browser;42719
JXTA;25878
Jabber;16031
Jango;24429
Java.Update;23971
JavaRMI;16926
JavaRMI_Call;16928
JavaRMI_Stream;16932
Jenkins;38855
Jianguoyun;36050
Jianguoyun_Download;36052
Jianguoyun_Upload;36051
JioChat;43186
Jobvite;39696
Jodel;42004
John.Deere;45499
John.Deere.Online.Simulator;45500
Join.Me;27082
JonDo;21668
JotForm;36463
JumboMail;37763
Jump.Desktop;26061
Just.Proxy.VPN;43941
Just.VoIP;17567
KBS.Mail;36237
KKBOX;17196
KProxy;16604
KRYPTOLAN;16367
KT.Ucloud;37056
KT.Ucloud_Download;38903
KT.Ucloud_Upload;38902
Kadmin;17145
Kakao.Accounts;43528
KakaoStory;43526
KakaoTalk;33494
KakaoTalk_File.Transfer;38512
KakaoTalk_Voice.Chat;43347
Kanban.Tool;38064
Kaseya;38419
Kaspersky.Update;16648
Kawaks;17147
Kazaa;9
Kboing.Music;38861
Keek;34938
Kerberos;16265
KeyholeTV;24484
Kik.Messenger;35894
King.Glory;46939
Kit.Systems;38380
Kiwoom.Hero;31614
Klogind;17163
Knight.Online;16517
Kodi;34881
Kollective;30531
Kpasswd;17146
Kshd;17164
Ku6;16537
Kugou;16590
Kuwo.Music;27104
L2TP;16435
LARP;16392
LDAP;16173
LDP;16300
LINE.WORKS;46218
LLMNR;31755
LMP;16302
LPD;16612
Laiwang;38942
Lan;25388
Lantern;43531
Last.FM;16778
LastPass;32752
LeBonCoin;39467
LeTV;31486
Leaf.1;16261
Leaf.2;16262
League.Of.Legends;31037
Letty;35614
Lifesize;38905
LightingBird.VPN;44506
Limelight;16864
LinkedIn;16331
LinkedIn_File.Download;40318
LinkedIn_File.Upload;40317
LinkedIn_Login;38645
LinkedIn_Message;23257
LinkedIn_Post;25196
Little.Fighter;16549
LiveCare;31021
LiveTV.Toolbar;24006
Livedoor.Webmail;17354
Livejournal;16355
Livestream;36590
Load.Impact;36462
Localtunnel;38964
LogMeIn;15891
LogMeIn_Rescue;31988
Loglogic.MX;27977
LucidChart;36442
MANET;16464
MANOLITO;16229
MERIT.INP;16281
MFE.NSP;16280
MGCP;16670
MICP;16401
MJ12bot.Bot;44782
MLB.com;38332
MMSH;32836
MOBILE;16317
MPEG.TS;36572
MPLS.In.IP;16463
MPTCP;43715
MQTT;37200
MS.DFSR;24623
MS.DTC;16807
MS.Dynamics.CRM;36194
MS.Dynamics.NAV;36202
MS.FRS;16767
MS.Firewall.ISA.Client;27304
MS.MSN.Bing.Bot;39482
MS.Netlogon;25960
MS.Product.Activation;33759
MS.RPC;15897
MS.RPC_UUID;15230
MS.Windows.Update;16009
MSDP;16299
MSN.Game;16135
MSN.Money;16711
MSRP;47687
MSSQL;16197
MTP;16397
MUX;16252
Madden.NFL.Mobile;37485
Magento;36483
Mail.Ru;17458
Mail.Ru_Cloud;42850
Mail.Ru_Games;26352
Mail.Ru_Mail;27209
Mail.Ru_Moimir;25670
Mail.Ru_Webagent;25704
Mailchimp;35799
Mailchimp_File.Upload;35801
Mailjet;36171
Malwarebytes;38860
Mango.VPN;46578
MapQuest;30161
MapleStory;27775
Market-Q;36974
Marvel;30207
Mavenlink;35813
Mavenlink_Post;35815
MaxDB;15878
Maximizer.CRM;36511
McAfee.SiteAdvisor;16958
McAfee.Update;16654
MediaFire;16793
MediaFire_File.Download;35583
MediaFire_File.Upload;35517
MediaMonkey;25452
MediaWiki;23398
Meetup;26683
Meetup_Email;38854
Meetup_Forum.Post;38853
Mega;34962
MelOn;33313
Memcached;37253
Mendeley;30447
Meraki.Cloud.Controller;39621
Mercurial;24970
Mercurial_Upload;39505
Metacafe;16029
Mibbit;23698
Micros;37500
Microsoft.Authentication;41475
Microsoft.Azure;38924
Microsoft.Azure.Application.Insights;48002
Microsoft.Azure.Traffic.Manager;47996
Microsoft.CDN;41470
Microsoft.Cloud.App.Security;47962
Microsoft.Exchange.Server;24703
Microsoft.Office.365;33182
Microsoft.Office.365.Access;43280
Microsoft.Office.365.Excel;43278
Microsoft.Office.365.Portal;41468
Microsoft.Office.365.PowerPoint;43279
Microsoft.Office.365.Publisher;43281
Microsoft.Office.365.Word;43277
Microsoft.Office.365_File.Access;42000
Microsoft.Office.365_File.Create;41999
Microsoft.Office.365_File.Update;42001
Microsoft.Office.365_Login.Business;43289
Microsoft.Office.365_Login.Home;43288
Microsoft.Office.Macro.Embedded.Document;42644
Microsoft.Office.Online;16177
Microsoft.Office.Update;39458
Microsoft.OneNote;40175
Microsoft.OneNote_Sync;43276
Microsoft.Outlook;15816
Microsoft.Outlook.Office.365;45553
Microsoft.Outlook.Web.App;24747
Microsoft.Outlook_Attachment;16162
Microsoft.Outlook_Attachment.Download;38709
Microsoft.Outlook_Attachment.Upload;38708
Microsoft.Outlook_Read.Message;41702
Microsoft.Outlook_Send.Message;41701
Microsoft.Portal;41469
Microsoft.PowerApps;43566
Microsoft.SharePoint;16190
Microsoft.SharePoint_Admin;18216
Microsoft.SharePoint_Blog;16100
Microsoft.SharePoint_Calendar;16191
Microsoft.SharePoint_Documents;16192
Microsoft.SharePoint_File.Download;43950
Microsoft.SharePoint_File.Upload;43947
Microsoft.SharePoint_Wiki;16095
Microsoft.Silverlight;15999
Microsoft.Store;40503
Microsoft.Stream;47961
Microsoft.Sway;41516
Microsoft.Teams;43541
Microsoft.Teams_Posting;47822
Microsoft.Tenant.Namespace;41471
Microsoft.URL.Shortener;47966
Microsoft_Login;38550
Mikogo;24009
Mimecast;47562
Minecraft;27922
MinerGate.Cryptocurrency.Miner;44026
Mipony;27103
Miro;16175
Miss.Lee.Messenger;34060
Mobile.IP;17113
Mobile.Legends;45727
Mobility.Header;16461
MoboRobo;38150
Modern.Combat;40858
Momo;46913
Monero.Cryptocurrency.Miner;44016
MongoDB;33002
Moodle;27821
Motorola.Timbuktu;33900
Mount;16830
Mozy;16676
Multicast.DNS;17011
Multimedia.Message;28846
MySQL;15886
MySpace;16304
N-central;28391
NARP;16316
NAT.PMP;44504
NBA.Video;38670
NCP;25877
NCSoft;23689
NDMP;16912
NETBLT;16279
NFS;16303
NNTP;16213
NNTP_Command;15230
NOD32.Update;17041
NSFNET.IGP;16386
NTLM.HTTP;17613
NTP;16270
NTR.Cloud;33728
NTR.Support;18215
NVP.II;16238
NZBVortex;37718
Nagios;16089
Napster;24731
Nate.Mail;28247
Nate.Mail_Attachment.Download;38690
Nate.Mail_Attachment.Upload;36055
Nate.Mail_Send;42501
NateOn;17144
NateOn_File.Transfer;34164
NateOn_Remote.Control;36390
NateOn_Web;39057
Naver.Blog;25069
Naver.Bot;39485
Naver.Cloud;25077
Naver.Cloud_Download;36232
Naver.Cloud_Upload;36233
Naver.Line;31908
Naver.Line_Call;37306
Naver.Livestream;39021
Naver.Mail;25076
Naver.Mail_Attachment;36222
Naver.Mail_Send;41660
Naver.Map;38003
Naver.Memo.Download;39018
Naver.Memo.PictureUpload;39020
Naver.Memo.WriteUpload;39019
Naver.Search;37994
Nello.TV;35712
NetBIOS.DGM;24483
NetBIOS.Name.Service;17017
NetBIOS.SSN;16208
NetEase.Webmail;15837
NetFlow;27839
NetIQ;30141
NetSuite;24744
NetSupport.Manager;38044
NetSupport.School;45114
NetVault.Backup;26013
Netflix;18155
Netflix_Login;38500
Netflix_Search;35444
Netflix_Video.Access;30184
Netflix_Video.Play;28844
Netop.On.Demand;25456
Netop.Remote.Control;25457
Netvibes;35757
Netvibes_Add.Content;35758
Neverwinter;36371
New.York.Times;43426
Ngrok;37401
Niconico;17333
Nimbuzz;16056
Ning;30295
Ning_Invite;31858
Ning_Photo.Upload;31870
Nk.Pl;32295
Nokia.PC.Suite.Update;17409
Nomadesk;16151
Nord.VPN;44677
Nutshell.CRM;36629
Nymgo;34426
OCN.Mail;25562
OCSP;25843
OKHTTP.Library.VPN;39108
OSPF;16390
OSSEC;26951
OUCH;28851
OWAMP.Control;28638
OWAMP.TWAMP.Test;28754
Octoshape;25950
Odnoklassniki;25447
OkCupid;38929
Ollehmusic;40389
Omegle;32843
OnSync;36109
Onavo.Protect;38346
OneDrive;23382
OneDrive_File.Download;35419
OneDrive_File.Share;42006
OneDrive_File.Upload;35418
Ooyala;16003
Open.WebMail;24727
OpenDoor;37186
OpenDrive;35657
OpenDrive_File.Download;35659
OpenDrive_File.Upload;35658
OpenVPN;17244
Openmeetings;38848
Openmeetings_JoinMeetingRoom;38849
Opera.Turbo;22933
Opera.Update;16986
Opera.VPN;45477
Oracle.TNS;15888
Orange.Webmail;32442
Origin;30955
Outlook.Anywhere;39280
PBS.Video;30185
PCoIP;35033
PGM;16434
PIM;16408
PIPE;16456
PNNI;16407
POF;36998
POP3;16104
POP3S;27561
POP3_Command;15230
PPMate;16800
PPStream;15843
PPTP;16714
PPTV;16174
PPlive.Accelerator;25887
PRM;16256
PTP;16444
PUBG;45751
PUBLITRAC;36191
PUP;16239
PVP;16376
PacketiX;11726
Palringo;25143
Paltalk;17197
Paltalk_SuperIM;30966
Panda.Antivirus;25566
Panda.Update;25958
Pandora;16179
Paros.Tool;38258
PartyPoker;16831
PathView;37535
PayPal;29081
Paymo;36384
Pd.Proxy;34757
Peer2me;29143
PeerGuardian;25529
Pentaho;37606
Pepperplate;38343
Perch;39309
Perfect.World;36370
Perforce.Software;16686
Periscope;40661
PhoneMyPc;31291
Pic.Collage;38291
Pichat;16424
Ping;24466
Ping_Tunnel;23184
Pinger;37299
Pinpointe;36536
Pinterest;31349
Pinterest_Create.BoardResource;35705
Pinterest_File.Upload;35707
Pinterest_Login;38759
Pinterest_PinLike.Resource;35702
Pinterest_Post;41683
Pinterest_Repin.Resource;35699
Pipi.Player;18033
Pirate.Bay;34998
Pivotal.Tracker;36206
Pivotal.Tracker_File.Download;36208
Pivotal.Tracker_File.Upload;36207
Pixlr;38321
Playstation.Network;17599
Plex.TV;38797
Plex.VPN;44635
Pocket.Controller;35003
Pogoplug;31990
Pokec;35298
Pokemon.Go;42766
Portmap;16267
Postgres;16513
Powernoodle;36448
Precision.Time.Protocol;45738
Prezi;31753
Prezi_Create.Presentation;35728
Prezi_File.Download;35737
Prezi_File.Upload;39082
Prip;42837
Private.Encryption;25426
Private.Internet.Access.VPN;44044
Private.Tunnel;35325
Privatix;43611
ProXPN;36098
Progress.OpenEdge;35938
Proguard.VPN;43816
Projectplace;26728
Propalms.TSE;26966
Proxy.HTTP;10734
Proxy.Websites;32384
ProxyRental;38846
PsExec;25853
Psiphon;32642
Puff;20806
Puffin;33561
Pullbbang.Video;25078
Pulseway;39100
Pure.VPN;42333
QNAP.Web.Portal;40842
QNX;16412
QQ;10885
QQ.HLDDZ;46940
QQ_Audio.Chat;37464
QQ_Business.Email;36854
QQ_File.Transfer;18095
QQ_Games;16133
QQ_Login;38845
QQ_Logout;38817
QQ_Mail;15969
QQ_Music;25192
QQ_Picture.Transfer;40702
QQ_QQDownload;16178
QQ_QQLive;16129
QQ_Qzone;32317
QQ_Remote.Control;34114
QQ_Software.Manager;35244
QQ_Video.Chat;18096
QQ_Web;17869
QUIC;40169
QVOD;16832
Qfer;42498
Qianlong;16431
Quake;16305
QuickBooks;36635
QuickHeal.Update;35297
QuickTime;15859
Quora;24834
Quora_Attachment.Upload;47431
Quora_Post;47430
Quote.Of.The.Day;28631
RADIUS;16172
RAP;16245
RDM.Plus;25622
RDP;15511
RDP.over.HTTPS;41536
RDT;16652
RHUB;37382
RIP;16296
RIPng;16626
RLP;16246
RMCP;35961
RMI.IIOP;25439
ROBLOX;39549
RPC.Over.HTTP;29902
RSS;16595
RSVP;16308
RSVP.E2E.IGNORE;16460
RT.Noticias;38734
RTCP;16939
RTMP;16677
RTMPE;25376
RTMPT;16027
RTP;16667
RTSP;15894
RTSP_Method;15230
RVD;16368
RabbitMQ;31594
Radmin;16051
Raha.VPN;44657
RaidCall;31364
Rakuten.Toolbar;17896
Rally;39172
Rambler.Mail;32242
Rapportive;36381
Razor;16596
Real.Player;15861
Real.Update;17006
Realtor.Com;32246
Reddit;34554
Reddit_Post;39637
Rediff.Messenger;10854
Rediffmail;38386
Reliable.Data.Protocol;16276
Remote.Manipulator.System;46612
RemotePC;37455
RemotelyAnywhere;16942
Renren;27510
Renren_Apps;27509
Renren_Chat;28469
Renren_IM;24810
Renren_Mail;27505
Renren_Posting;27506
Resilio;35348
RetailMeNot;38340
Rexec;16915
Rhapsody;16684
Rift;31013
Ringcentral;42635
Riot.Games;46962
Rising.Update;17040
Rlogin;16275
RoboForm;32842
Root.Certificate.URL;41474
Roundcube.Webmail;17209
Rsh;16899
Rstatd;16657
Rsupport.RemoteCall;18218
Rsupport.RemoteView;30958
Rsync;16719
Rufus;30222
RuneScape;16777
Runes.Of.Magic;30191
Rus.VPN;46480
Rusers;16680
Rutube;16442
Rwho;16594
S1AP;32443
SAP.Diagnostic;40776
SAP.Message.Server;40791
SAP.Router;25039
SAP.Web.Dispatcher;24968
SAT.EXPAK;16366
SAT.MON;16370
SBS.Gorealra;38051
SCC.SP;16402
SCPS;16411
SCTP;16457
SDRP;16293
SECURE.VMTP;16383
SHOUTcast;24800
SIP;34640
SIP.Method;15230
SIP.Via.NAT;38938
SIP_Media.Type.Application;26180
SIP_Message;26179
SIP_Voice;30251
SKIP;16320
SLP;16274
SM;16443
SMART.Bridgit;37000
SMB.v1;44611
SMB.v2;44623
SMB.v3;44624
SMP;16441
SMPP;28608
SMTP;16074
SMTPS;27559
SMTP_Command;15230
SMTP_Encrypted.Email;28992
SMTP_Executable.Attachment;29265
SMTP_Signed.Email;28991
SNMP;16906
SNMP_GetBulkRequest;34797
SNMP_GetNextRequest;34795
SNMP_GetRequest;34789
SNMP_SetRequest;34793
SNMP_Trap;16642
SNMP_V1;16196
SNMP_V2;31613
SNMP_V3;31618
SNP;16415
SNPP;37272
SOAP;16730
SOCKS4;17428
SOCKS5;17429
SOS.Online.Backup;16691
SPAMfighter.Update;38944
SPS;16455
SQL.Navigator;37206
SRP;16439
SSCOPMCE;16453
SSH;16060
SSH.Over.HTTP;39079
SSH.Over.SOCKS;45336
SSL;15895
SSL_SSLv2;40417
SSL_SSLv3;41543
SSL_TLSv1.0;41542
SSL_TLSv1.1;41541
SSL_TLSv1.2;41540
SSL_TLSv1.3;47013
SSTP;34964
ST;16212
STOMP.Protocol;43342
STP;16438
STUN;16573
SUN.ND;16378
SVT.Play;24887
SaferVPN;43708
Sage.One;36656
Sakai.CLE;27081
Salesforce;16920
Salesforce_File.Download;38575
Salesforce_File.Upload;35704
Salesforce_Login;38574
Salesforce_Post;35263
Samsung.Cloud;47376
Samsung.Kies;38314
Sapafaria;37332
Sarahah;44458
School.Communicator;29600
Schwab;16393
Scotty;38269
ScreenConnect;38570
Screenhero;35246
Scribd;30707
Scribd_File.Upload;30708
Second.Life;16837
Secureserver.Mail;16919
SecurityKiss;31379
Seed4.Me.VPN;44238
Sendspace;16096
ServiceDesk.Plus;36575
Session.Announcement.Protocol;28695
Setup.VPN;42551
Shadowsocks;43983
Share;17338
ShareFile;34165
ShareFile_File.Download;35014
ShareFile_File.Upload;35013
Shazam;30254
Shopify;36591
ShowMyPC;18167
Showtime.Anytime;39083
Shutterfly;24882
Sicoobnet;45632
SignNow;37054
Signal.Private.Messenger;43847
Silent.Circle;39073
Simple.Chat;38883
Sina.Game;16134
Sina.Services;46959
Sina.Vdisk;35978
Sina.Vdisk_File.Download;35980
Sina.Vdisk_File.Upload;35979
Sina.Video;16535
Sina.Webmail;15815
Sina.Weibo;24530
Sina.Weibo_Post;24531
Skinny;23759
Sky.Go;25056
SkyVPN;45145
Skyfire;17945
Skype;10
Skype.For.Business;28554
Skype.Portals;43540
Skype_Audio;28587
Skype_Data;29350
Skype_File.Transfer;39917
Skype_Video;28597
Slack;43345
Slack_Call;42770
Slack_Message;43346
Slacker;30734
Slideshare;34951
Slideshare_File.Download;34950
Slideshare_File.Upload;35762
Sling.TV;16679
Smilebox;28875
Snap.VPN;43464
Snapchat;34560
Socks2HTTP;24624
SoftEther;12290
Softros.Messenger;24626
Sogou.IME.Update;27937
Sohu;35563
Sohu.TV;16539
Solarwinds.Take.Control;39194
Songr;34391
SopCast;16150
Sophos.Update;16637
Soribada;16152
Soulseek;11421
SoundCloud;35284
SoupTCP;28944
SourceForge;35748
SourceForge_File.Upload;35741
Spark.IM;24532
Speedify;45625
SpiderOak;29248
Splashtop;43462
Sploder;30097
Spotflux;33940
Spotify;17405
Sprite.RPC;16391
Sprout.Social;36192
Spy.Agent;17740
SquirrelMail;16025
SquirrelMail_Attachment;24284
Star.VPN;43463
Starcraft.Broodwar;16967
Steam;16518
Stitcher;38338
Stockstar;29810
Stream.Media;11767
Streambox;25565
Street.Basketball;16497
Student.Planner;43592
Studiopass;36297
Stumbleupon.Toolbar;16092
Subversion;16687
Sugar.CRM;16907
SugarSync;24534
SugarSync_File.Download;36053
SugarSync_File.Upload;36054
Sun.RPC;16201
Sun.RPC_Program.Number;15230
Super.Mario.Run;43584
SuperLivePro;38174
SuperVPN.Android;40194
Supremo;31645
Surf.Anonymous.Free;38999
Surf.VPN;47011
SurfEasy.VPN;37845
Swyxware.CDS;27410
Sybase;17141
Symantec.AV.Update;16763
Symantec.Syst.Center;16655
Symform;36489
Synergy;25654
Synology.DSM;39506
Syslog;16283
Systat;16232
T-Online.Mail;24888
T.38;16550
TACACS;16216
TACACS+;16217
TCF;16388
TCP.Over.DNS;34641
TED;38327
TFN;16186
TFTP;16253
TLSP;16319
TOTOROSA;17186
TP++;16289
TR.069;28696
TSP;37064
TTP;16385
TVB.Fun;31617
TVB.Programme;38259
TVB.Video;30795
TVB.myTV;31615
TWAMP.Control;28752
Tableau;38878
Tagoo;17498
Tales.Runner;34004
Talk;17195
Talkbox;33988
Talktatone;39454
Tango;32640
Taobao.Aliww;16946
Tapatalk;32171
Taringa;31205
Task.Scheduler;16936
TeamDrive;36049
TeamDrive_Upload;40823
TeamSpeak;15985
TeamViewer;15921
TeamViewer_CallReceive;39632
TeamViewer_CallRequest;39630
Telegram;38098
Telenet.Webmail;24767
Tellagami;36510
Telnet;16091
Tencent.Beacon;46953
Tencent.Guanjia.Update;36056
Tencent.Services;42903
Tencent.Video;16538
Tencent.Weibo;35305
Tencent.Weibo_Login;35191
Tencent.Weibo_Publish.Message;35196
Teredo;16632
Terraria;37095
Tesla.CarApp;38862
TextMe;42358
Texthelp;43598
TgCom24;38834
Threema;39590
Thunder.VPN;45746
Thunder.Xunlei;14797
Thunder.Xunlei.Kankan;16182
ThunderBird.VPN;46280
Tianya.BBS;16107
Tibbr;37055
Tibia;16786
TikTok;44419
Time.Protocol;16627
Time.Warner.Cable;35692
Time.Warner.Cable_Video;43045
Tinder;38104
TinyProxy;20910
TinyVPN;26519
Tlen.Pl;33136
To.Be.Honest;44746
Toad;36167
TokBox;16094
Tonghuashun;16446
Tor;15565
Tor2web;30452
TorGuard;44589
TorrentSpy;30233
Torrentz;38683
TortoiseSVN.Update;17236
Totodisk;33912
Touch.VPN;41733
TouchDown;41678
Trace.Route;32304
Tracetcp;34067
Track.It;27750
TradeStation;34051
Tree.VPN;46603
Trello;36722
Trello_File.Download;41718
Trello_File.Upload;41717
TrendMicro.Earthagent;34111
TrendMicro.OfficeScan;34201
TrendMicro.Update;16669
TrendMicro.WFBS;31295
Trillian;31832
Trin00;16927
Trippy;34425
Truecaller;39213
Trunk.1;16258
Trunk.2;16259
Tudou;16533
Tudou.Speedup;26282
Tuenti;24750
Tumblr;28570
Tumblr_File.Upload;39203
Tumblr_Login;39201
Tumblr_Post;28572
TuneIn;34860
TunnelBear;28571
Tunnelier;33607
Tunnello.VPN;42313
Turbo.VPN;43467
Tuxler.VPN;43729
Twilio;36723
Twitch;39771
Twitpic;25363
Twitter;16001
Twitter.Video;44719
Twitter_Login;38466
Twitter_Message;43351
Twitter_Post;23919
Twtkr;24730
UDPLite;16462
UEFA;36445
UEFA_Video.Play;36446
UFO.VPN;47633
UNIStim;34257
UPnP;16083
UTI;16440
UUSee;16105
Uber;42640
Ubuntu.Update;40565
UdpTunnel;36420
Ulozto;41614
UltraHook;38965
Ultrasurf;10905
Ultrasurf_9.6+;18007
Univision;38857
Univision_Financial.Info;44023
Unlimited.VPN;43520
Unreal.Engine;26376
Usenet.Net;32014
UserVoice;36486
UserVoice_File.Download;36488
UserVoice_File.Upload;36487
Usermin;16487
Ustream;15973
VIA3;37057
VINES;16384
VISA;16371
VLC;25455
VLC_Update;33284
VMTP;16382
VMware.ESXi;30028
VMware.Update;17174
VNC;15510
VNC_Clipboard;27700
VNC_File.Transfer;27528
VNN;17324
VPN.360;43958
VPN.Express;46721
VPN.Go;44067
VPN.Master;40793
VPN.Monster;44658
VPN.Robot;44052
VRRP;16418
VTun;16896
VUDU;34815
Valve.Games;16774
Ventrilo;16908
Veoh.Player;16909
Veritas.Backup.Exec;17153
Veritas.NetBackup;38130
VeryCD;16588
Viadeo;16660
Viber;26178
VidyoDesktop;35047
Vimeo;25360
Vimeo_HD.Streaming;36418
Vimeo_Login;38471
Vimeo_Video.Access;38472
Vimeo_Video.Play;38473
Vimeo_Video.Upload;37537
Vine;35141
VirtualShield;46720
Vkontakte;24630
Vkontakte_Chat;25627
Vkontakte_Mail;28511
Vsee;17204
Vuze;16080
Vypr.VPN;47809
WAP;16997
WAR2Glory;37602
WASEL.Pro;36900
WAYN;31944
WB.EXPAK;16380
WB.MON;16379
WCCP.V1;16923
WCCP.V2;17247
WHOIS;16247
WINS;16788
WLCCP;25879
WMI.DCERPC;46482
WMI.DCERPC_Execute.Method.Request;46483
WMI.DCERPC_Execute.Method.Request.StdRegProv.Class;46486
WMI.DCERPC_Execute.Method.Request.Win32.Process.Class;46487
WORKetc;36375
WSN;16375
Wake.On.LAN;43604
Washington.Post;43427
WatchDox;31078
Way2SMS;19796
Waze;35169
WeChat;33760
WeChat_File.Transfer;47379
WeChat_ID;44274
WeChat_Location.Share;36743
WeChat_Picture.Transfer;36730
WeChat_Video.Transfer;36741
WeChat_VoIP.Call;36648
WeChat_Voice.Chat;36742
WeChat_Web;39523
WeGame;46932
WeTransfer;29410
WeTransfer_File.Download;35432
WeTransfer_File.Upload;35433
WeatherBug;30209
Web.De.Webmail;34397
WebConnect;27084
WebDAV;15862
WebEx;16350
WebEx_Chat;31848
WebEx_Desktop.Sharing;31845
WebEx_File.Download;39113
WebEx_File.Sharing;31846
WebEx_File.Upload;39112
WebEx_Login;39111
WebEx_Remote.Control;32948
WebEx_WhiteBoard;31847
WebHard;26363
WebSocket;36968
Webshots;16662
Wget;38783
WhatsApp;28057
WhatsApp_File.Transfer;37371
WhatsApp_VoIP.Call;40698
WhatsApp_Web;39999
Whisper;35360
Wi.Free;27538
WiMP;36869
Wickr;39174
Wikidot;16911
Wikipedia;17179
Wikipedia_Edit;16661
Wikispaces;16503
WinMX;11836
WinPcap.Rpcapd;16973
WinSCP;31287
Winamp;17143
WindScribe;43625
Windows.CRL.Request;17162
Windows.File.Sharing;27457
Windows.File.Sharing_Create.Directory;31824
Windows.File.Sharing_Create.File;32007
Windows.File.Sharing_Delete.Directory;31885
Windows.File.Sharing_Delete.File;31871
Windows.File.Sharing_Open.Directory;31884
Windows.File.Sharing_Print.File;31843
Windows.File.Sharing_Read.Executable.File;24258
Windows.File.Sharing_Read.File;31834
Windows.File.Sharing_Write.Executable.File;34236
Windows.File.Sharing_Write.File;31833
Windows.Media.Player;16940
Windows.Phone.Store;39537
Windows.Powershell;40304
Winny;11
Wire;43965
WireGuard;46495
Wordfast.Anywhere;31182
Wordfeud;32149
Workday;46224
World.Of.Tanks;37261
World.Of.Warcraft;16530
Wrike;36721
Wufoo;37052
Wuma.VPN;45763
Wunderlist;44117
X.Font.Server;16929
X11;16198
XDMCP;16215
XING;16704
XM.Radio;15997
XML.RPC;17185
XNET;16242
XNS.IDP;16257
XTP;16286
XWare;34492
XYQ;16137
Xbox;30036
Xbox.HTTP;34993
XenServer.Update;37738
Xero;36441
XiaoMi.IM;36117
XiaoMing.VPN;47437
Y8;30158
YY.Voice;24939
YY.Voice_File.Transfer;31175
YaCy;16707
Yahoo.Account_Login;38463
Yahoo.Accounts;43355
Yahoo.Calendar;27604
Yahoo.Douga;17476
Yahoo.Finance;30210
Yahoo.Groups;17191
Yahoo.Japan.Blog;34491
Yahoo.Japan.Box;31197
Yahoo.Mail;15839
Yahoo.Mail.Japan;39077
Yahoo.Mail_Attachment;16169
Yahoo.Mail_Attachment.Download;38522
Yahoo.Mail_Attachment.Upload;38521
Yahoo.Mail_Messenger;14969
Yahoo.Mail_Read.Message;41691
Yahoo.Mail_Send.Message;41689
Yahoo.News;33571
Yahoo.Notepad;27609
Yahoo.Search;17194
Yahoo.Search_Safe.Moderate.Level;17210
Yahoo.Search_Safe.Off;13624
Yahoo.Services;42670
Yahoo.Slurpbot;39483
Yahoo.Sports;31232
Yahoo.Toolbar;16623
Yammer;28076
Yammer_File.Download;39159
Yammer_File.Upload;39158
Yammer_Login;39157
Yammer_Post;41681
Yandex;42899
Yandex.Bot;39481
Yandex.Browser.Turbo;35031
Yandex.Disk;35617
Yandex.Mail;28106
Yandex.Maps;39712
Yandex.Search;34638
Yandex.Search_Image;32261
Yandex.Search_Safe.Off;41785
Yandex.Search_Video;32262
Yellow;43969
Yelp;38394
Yesware;35828
Yoga.VPN;43975
Yoics;16180
Yoobic;42620
Yosemite.Server.Backup;35635
YouTube;31077
YouTube.Downloader.YTD;33321
YouTube_Channel.Access;41598
YouTube_Channel.ID;44956
YouTube_Comment.Posting;31076
YouTube_HD.Streaming;33104
YouTube_Messenger;47858
YouTube_Search.Safety.Mode.Off;23397
YouTube_Search.Video;30201
YouTube_Video.Access;16420
YouTube_Video.Embedded;17396
YouTube_Video.Play;38569
YouTube_Video.Upload;25564
Youdao;39191
Youdao_Note;35943
Youku;16531
Youku_Video;35285
Your.Freedom;18148
Ypserv;16922
Yum.Tool;16635
ZCash.Cryptocurrency.Miner;44027
ZMAAP;16619
ZPN.Connect;44132
Zabbix;26054
Zalo;47974
Zapyo;40796
Zattoo;30536
ZbigZ;34791
Zello;40821
ZenMate;36653
Zendesk;28877
Zero.VPN;43287
ZeroNet;44295
ZeroPC;36006
Zhengtu;16499
Zhihu;46933
Zimbra;16486
Zip.Cloud;36075
Zip.Cloud_Download;36078
Zoho;17466
Zoho_Bugtracker;36119
Zoho_CRM;24533
Zoho_Chat;16469
Zoho_File.Download;40471
Zoho_File.Upload;40470
Zoho_Login;38514
Zoho_Mail;17693
Zoho_Meeting;24559
Zoho_Notebook;16477
Zoho_People;24561
Zoho_Projects;36238
Zoho_Reports;36137
Zoho_Show;16475
Zoho_Sites;36116
Zoho_Wiki;16467
Zoom;37065
Zoom_File.Download;47383
Zoom_File.Upload;47382
Zoom_Meeting;47385
Zoosk;31200
Zune;39304
Zwiki;16419
Zynga.Games;26793
aTube.Catcher;34646
eBay.Desktop;16507
eBay.Toolbar;16690
eFolder;40818
eMule;16225
hubiC;37846
iCloud;29880
iCloud_File.Access;41644
iCloud_File.Download;35600
iCloud_File.Upload;35599
iCloud_Login;38547
iCloud_Mail;34499
iMBC.Video;38164
iMeet;31161
iQiyi;26630
iQiyi.Video;26633
iRods;34435
iSCSI;17057
iTunes;16042
iTunes_App.Download;31167
iTunes_BroadCast;17007
iTunes_Mobile;30415
iTunes_Podcast;17008
iTunes_Select.Play;34613
iTunes_Store;17009
iTunes_Update;17010
id.Software;16618
illico.tv;40316
magicJack;26914
myMusic;17172
ooVoo;15963
ownCloud;37323
pcAnywhere;15867
pcAnywhere_File.Transfer;32817
pcAnywhere_Remote.Control;32818
sFlow;27415
skyZIP;40866
swIPe;16315
vBulletin;23399
vend;42658
webMethods.AgileApps.Cloud;36614
